model_a,model_b,mean_abs_error_a,mean_abs_error_b,paired_t_stat,paired_t_p,wilcoxon_stat,wilcoxon_p,dm_stat_abs_error,dm_p_abs_error
XGBoost_ONNX,LSTM_ONNX,311.34864822173006,299.1510597490141,3.5497241419556116,0.00038871431803902114,7803447.0,0.000125116793532959,2.5908726729034064,0.009573290446346805
XGBoost_ONNX,Persistence_lag1h,311.34864822173006,557.3970210178913,-46.029527718457615,0.0,3131727.0,0.0,-35.92526831723116,0.0
LSTM_ONNX,Persistence_lag1h,299.1510597490141,557.3970210178913,-55.373232240796156,0.0,2082695.0,0.0,-52.108983447885876,0.0
