requested_hours,rows_available,response_ms
24,24,1.838300027884543
168,168,2.544199989642948
720,720,6.793600041419268
2160,2160,13.906500011216849
