mode,avg_ms,p95_ms,cache_hit_ratio_pct
no_cache,0.023703334348586697,0.029199989512562752,0.0
with_cache,0.005973166262265295,0.020199979189783335,71.83333333333334
