metric,avg_ms,p95_ms
feature_generation_xgb,0.14832199997423837,0.23207501799333843
