model,total_requests,successful_requests,concurrency,end_to_end,avg_request_size,throughput_rps,error_rate_pct,timeout_rate_pct,p50_ms,p90_ms,p95_ms,p99_ms,max_ms,profile
XGBoost_ONNX,600,600,10,True,6.905,17465.316879725135,0.0,0.0,0.18450000789016485,0.5919899675063789,0.6279050081502646,0.6934249820187687,1.0343000176362693,E_retraining_overlap
LSTM_ONNX,600,600,10,True,6.905,1624.0062781321567,0.0,0.0,2.500449976650998,5.653330025961623,6.31432999507524,7.3669679724844155,22.78110000770539,E_retraining_overlap
