model,n_samples,wall_time_sec,cpu_time_sec,cpu_to_wall_ratio,peak_tracemalloc_mb,model_file_mb,est_cost_proxy_per_1k_samples_sec
XGBoost_ONNX,2500,0.011882200022228062,0.0,0.0,0.9543476104736328,0.9205961227416992,0.004752880008891225
LSTM_ONNX,800,0.24814599996898323,1.5,6.044828448524219,15.390653610229492,1.0927629470825195,0.31018249996122904
