strategy,quarters,avg_mape,avg_peak_mape,avg_rmse,avg_r2,avg_runtime_minutes,avg_n_estimators
warm_start,4,2.62688537876185,2.6100038169241855,614.0586584237286,0.9461525888586564,0.014806309583324642,120.0
full_optuna,4,2.62688537876185,2.6100038169241855,614.0586584237286,0.9461525888586564,0.03497346583333941,120.0
fixed_param,4,2.3801730393873926,3.1912305274210513,603.3550017746354,0.9482418663483083,0.001537453333336695,0.0
